Date,from_usd_rate,to_usd_rate,cross_rate
2025-08-01,1391.510009765625,0.8138999938964844,0.0005849041603614273
2025-08-04,1390.1800537109375,0.8040099740028381,0.0005783495251975592
2025-08-05,1383.5899658203125,0.8070899844169617,0.0005833303249915148
2025-08-06,1386.5799560546875,0.8069199919700623,0.0005819498460557848
2025-08-07,1384.3900146484375,0.8060500025749207,0.0005822419939800094
2025-08-08,1384.969970703125,0.8056899905204773,0.0005817382380582899
2025-08-11,1387.81005859375,0.8074700236320496,0.0005818303582914282
2025-08-12,1389.7900390625,0.8118000030517578,0.0005841170106524634
2025-08-13,1383.0899658203125,0.8061400055885315,0.0005828543518572986
2025-08-14,1378.780029296875,0.8047199845314026,0.0005836463884248301
2025-08-15,1387.8699951171875,0.8075199723243713,0.0005818412208386903
2025-08-18,1387.97998046875,0.8065999746322632,0.0005811322828733146
2025-08-19,1386.9100341796875,0.8074100017547607,0.0005821646551373591
2025-08-20,1391.3399658203125,0.8077700138092041,0.0005805698345860103
2025-08-21,1396.9100341796875,0.8041399717330933,0.0005756562355895104
2025-08-22,1399.6099853515625,0.8086699843406677,0.0005777823770938167
2025-08-25,1382.8900146484375,0.8022599816322327,0.0005801328906378614
2025-08-26,1389.050048828125,0.8061699867248535,0.0005803750465326865
2025-08-27,1393.949951171875,0.8037599921226501,0.0005766060621092888
2025-08-28,1392.75,0.8015000224113464,0.0005754801812323435
2025-08-29,1384.4100341796875,0.8015900254249573,0.0005790120019607688
2025-09-01,1388.8399658203125,0.8006399869918823,0.0005764810969556076
2025-09-02,1392.93994140625,0.8001499772071838,0.0005744325030980073
2025-09-03,1394.5699462890625,0.8052899837493896,0.0005774468221491928
2025-09-04,1389.6300048828125,0.8037999868392944,0.0005784273396623145
2025-09-05,1392.06005859375,0.8051300048828125,0.0005783730377956175
2025-09-08,1385.510009765625,0.7991799712181091,0.0005768128455118846
2025-09-09,1385.719970703125,0.7928100228309631,0.0005721285971138059
2025-09-10,1387.25,0.7972999811172485,0.0005747341727282383
2025-09-11,1387.199951171875,0.7986699938774109,0.0005757425187354661
2025-09-12,1389.5,0.7959499955177307,0.0005728319507144517
2025-09-15,1393.699951171875,0.7967000007629395,0.0005716438463623711
2025-09-16,1385.010009765625,0.7946599721908569,0.0005737575660737147
2025-09-17,1377.6400146484375,0.7859100103378296,0.0005704755973848418
2025-09-18,1378.68994140625,0.7883399724960327,0.000571803673052067
2025-09-19,1386.75,0.7925099730491638,0.0005714872709927267
2025-09-22,1396.22998046875,0.7962300181388855,0.0005702713945961615
2025-09-23,1389.3900146484375,0.792389988899231,0.0005703150163345116
2025-09-24,1391.8499755859375,0.7914299964904785,0.0005686173153520403
2025-09-25,1403.6500244140625,0.7946599721908569,0.000566138252676324
2025-09-26,1408.9200439453125,0.8000400066375732,0.0005678391829796602
2025-09-29,1408.7099609375,0.7974799871444702,0.000566106586350639
2025-09-30,1399.3299560546875,0.7972000241279602,0.000569701249286201
2025-10-01,1403.1500244140625,0.7961999773979187,0.0005674375252428204
2025-10-02,1401.8199462890625,0.7969099879264832,0.0005684824146182867
2025-10-03,1405.6300048828125,0.7970200181007385,0.0005670197814019957
2025-10-06,1406.06005859375,0.7971900105476379,0.0005669672541192413
2025-10-07,1409.9200439453125,0.7949100136756897,0.0005637979381095474
2025-10-08,1414.5699462890625,0.7985900044441223,0.0005645461410650761
2025-10-09,1422.52001953125,0.8015000224113464,0.0005634367259558551
2025-10-10,1421.510009765625,0.8061699867248535,0.0005671222722221792
2025-10-13,1429.030029296875,0.8023200035095215,0.0005614437674933162
2025-10-14,1426.0699462890625,0.8042899966239929,0.0005639905663231503
2025-10-15,1429.4300537109375,0.8015300035476685,0.0005607339802789369
2025-10-16,1420.0899658203125,0.7965499758720398,0.0005609151497749751
2025-10-17,1415.719970703125,0.7918300032615662,0.0005593125898113166
2025-10-20,1419.739990234375,0.7935900092124939,0.0005589685538698432
2025-10-21,1419.739990234375,0.7924000024795532,0.0005581303674828103
2025-10-22,1430.739990234375,0.7967000007629395,0.0005568447140646631
2025-10-23,1430.4000244140625,0.7960900068283081,0.0005565506104870293
2025-10-24,1435.8399658203125,0.7950800061225891,0.0005537385955602305
2025-10-27,1436.969970703125,0.7960500121116638,0.0005539781821064416
2025-10-28,1430.969970703125,0.7946100234985352,0.0005552946880556086
2025-10-29,1425.969970703125,0.7928299903869629,0.0005559934687797318
2025-10-30,1424.010009765625,0.7997999787330627,0.0005616533403895807
2025-10-31,1424.02001953125,0.8015900254249573,0.0005629064299874238
2025-11-03,1427.1700439453125,0.8048999905586243,0.0005639832436039185
2025-11-04,1428.969970703125,0.8081300258636475,0.0005655332459267895
2025-11-05,1439.81005859375,0.8103299736976624,0.0005628033842804964
2025-11-06,1439.739990234375,0.8097299933433533,0.0005624140461720019
2025-11-07,1447.9000244140625,0.805899977684021,0.0005565991878549441
2025-11-10,1454.0,0.8070899844169617,0.000555082520231748
2025-11-11,1456.0899658203125,0.8051599860191345,0.0005529603286329456
2025-11-12,1459.8399658203125,0.8003299832344055,0.0005482313143719726
2025-11-13,1468.02001953125,0.797819972038269,0.0005434666839850175
2025-11-14,1468.7099609375,0.7932699918746948,0.0005401134417093069
2025-11-17,1446.530029296875,0.7942799925804138,0.0005490933312780897
2025-11-18,1461.68994140625,0.796239972114563,0.0005447393113675828
2025-11-19,1456.550048828125,0.8001999855041504,0.0005493803567875718
2025-11-20,1466.1300048828125,0.8054199814796448,0.0005493509980678841
2025-11-21,1473.25,0.8054800033569336,0.000546736808659042
2025-11-24,1467.72998046875,0.8086699843406677,0.0005509664550712537
2025-11-25,1474.8599853515625,0.8086100220680237,0.0005482622283465608
2025-11-26,1464.9200439453125,0.8079800009727478,0.0005515522873157648
2025-11-27,1470.5899658203125,0.8034899830818176,0.0005463725455474744
2025-11-28,1461.4000244140625,0.8046000003814697,0.0005505679396057682
2025-12-01,1465.6199951171875,0.8033400177955627,0.0005481229926392548
2025-12-02,1470.1700439453125,0.8046000003814697,0.0005472836313697868
2025-12-03,1467.3599853515625,0.8028600215911865,0.0005471459148443594
2025-12-04,1465.030029296875,0.7997599840164185,0.0005459000621306407
2025-12-05,1472.3800048828125,0.8037800192832947,0.0005459052803065388
2025-12-08,1471.81005859375,0.8048499822616577,0.0005468436484464964
2025-12-09,1468.510009765625,0.8066380023956299,0.0005492900947432901
2025-12-10,1467.9300537109375,0.805899977684021,0.0005490043450276804
2025-12-11,1469.0400390625,0.7993800044059753,0.0005441512710001541
2025-12-12,1470.8499755859375,0.7947900295257568,0.000540361044782381
2025-12-15,1472.9100341796875,0.7961400151252747,0.000540521821869909
2025-12-16,1467.47998046875,0.7960100173950195,0.000542433306068512
2025-12-17,1471.739990234375,0.795199990272522,0.0005403128239695968
2025-12-18,1474.0,0.795199990272522,0.0005394843896014396
2025-12-19,1474.3599853515625,0.7940099835395813,0.0005385455325893485
2025-12-22,1473.719970703125,0.7958300113677979,0.00054001440381384
2025-12-23,1476.8399658203125,0.7914299964904785,0.000535894216575374
2025-12-24,1478.6700439453125,0.7874500155448914,0.0005325393712879021
2025-12-26,1446.52001953125,0.7880499958992004,0.0005447902450424232
2025-12-29,1441.3299560546875,0.7892400026321411,0.0005475776031135202
2025-12-30,1434.7099609375,0.7886999845504761,0.0005497278237582641
2025-12-31,1437.9100341796875,0.791700005531311,0.0005505907787777332
2026-01-02,1443.6400146484375,0.7920299768447876,0.000548633986872182
2026-01-05,1440.47998046875,0.79339998960495,0.0005507886262652313
2026-01-06,1445.56005859375,0.7921000123023987,0.0005479537204929131
2026-01-07,1444.9599609375,0.7954999804496765,0.0005505342721977921
2026-01-08,1446.1400146484375,0.7976499795913696,0.0005515717506684729
2026-01-09,1450.0799560546875,0.7990099787712097,0.0005510109807635161
2026-01-12,1455.239990234375,0.8015260100364685,0.0005507861352184103
2026-01-13,1464.9300537109375,0.7973600029945374,0.0005442990270932579
2026-01-14,1473.010009765625,0.801010012626648,0.0005437912894794918
2026-01-15,1462.9000244140625,0.7997199892997742,0.0005466675616606728
2026-01-16,1468.8399658203125,0.8034200072288513,0.0005469758625339147
2026-01-19,1471.5799560546875,0.7987200021743774,0.0005427635779409155
2026-01-20,1471.52001953125,0.7978900074958801,0.0005422216462607465
2026-01-21,1477.780029296875,0.7894999980926514,0.000534247305039231
2026-01-22,1464.8299560546875,0.7963899970054626,0.0005436740242194572
2026-01-23,1463.260009765625,0.7889999747276306,0.0005392069553339377
2026-01-26,1444.81005859375,0.7778699994087219,0.0005383891085073366
2026-01-27,1440.97998046875,0.777239978313446,0.0005393829122182602
2026-01-28,1432.510009765625,0.7631999850273132,0.0005327711358555752
2026-01-29,1429.27001953125,0.7657399773597717,0.0005357559921468915
